{"cameraMode":{"drawMode":0,"name":"Shaded","section":"Shading Mode"},"sceneLighting":true,"audioPlay":false,"sceneViewState":{"showFog":true,"showMaterialUpdate":false,"showSkybox":true,"showFlares":true,"showImageEffects":true,"showParticleSystems":true},"in2DMode":false,"pivot":{"x":2.1160941123962404,"y":3.4208860397338869,"z":1.286336898803711},"rotation":{"x":-0.05111011490225792,"y":0.08289319276809693,"z":-0.0042660837061703209,"w":-0.9952600002288818},"size":5.966026306152344,"orthographic":false}